name,email,platform,category,niche,followers,reach,engagement_rate
Audrey Lynn,tyler73@example.com,Twitter,Food,BBQ,598030,380529,5.73
Teresa Barber,william45@example.net,Instagram,Gaming,Mobile Games,492868,129248,7.28
John Walsh,psnyder@example.org,Twitter,Tech,AI,410608,364833,9.06
Terry Jimenez,qgraham@example.com,Twitter,Tech,Reviews,636641,437244,7.89
Kathryn Fuentes,nicole40@example.org,Twitter,Gaming,PC Gaming,882740,192496,2.28
Kaitlyn Morrison,sarahrodriguez@example.net,Twitter,Fitness,Yoga,871984,232148,9.0
Michelle Williams,leejoel@example.org,YouTube,Gaming,Console Gaming,553468,346287,7.5
Amber Webb,sdaniel@example.net,YouTube,Food,Healthy Eating,328669,273737,4.69
Brian Allen,denisebrown@example.org,TikTok,Tech,Reviews,853426,239248,3.71
Tracy Potter,grussell@example.org,YouTube,Travel,Backpacking,779343,698830,3.47
Matthew Padilla,rcooper@example.net,Instagram,Travel,Luxury Travel,357860,290613,3.62
David Andrews,dmoyer@example.com,Facebook,Tech,Smartphones,385133,202258,4.35
Shirley Brennan,bennetttammy@example.net,Twitter,Travel,Luxury Travel,396987,189343,2.18
Craig Rodgers,kathleen01@example.net,TikTok,Travel,Backpacking,797228,543268,3.46
John Hughes,claudiavalencia@example.com,Facebook,Food,Vegan Recipes,325132,256109,6.26
John Morales,sharon76@example.net,Twitter,Fitness,Weight Loss,848911,199792,2.15
Donna Smith,mark08@example.net,Facebook,Fitness,Weight Loss,874721,368875,9.59
Allen Ballard,williamarmstrong@example.org,TikTok,Tech,Smartphones,922588,534415,7.23
Leslie Lopez,mary37@example.com,Instagram,Food,Healthy Eating,646763,268018,6.09
Rita Vazquez,urussell@example.net,YouTube,Gaming,Mobile Games,346242,227379,2.22
Julie Griffith,debra06@example.org,TikTok,Food,BBQ,29976,24513,5.04
Robert Long,davisandrea@example.net,Facebook,Fitness,Yoga,534407,370283,2.71
Gerald Harper,jenniferpowell@example.net,TikTok,Tech,Gadgets,439997,111133,5.74
Alan Forbes,adrian21@example.org,YouTube,Gaming,Console Gaming,343688,125238,8.88
Sherri Hunter,steven38@example.net,TikTok,Travel,Luxury Travel,644076,160059,4.24
Jessica Rogers,icompton@example.com,Instagram,Gaming,Console Gaming,96900,81341,6.32
Kelsey Norris,mckenziesmith@example.com,TikTok,Travel,Luxury Travel,94934,23115,7.9
Christina Rhodes,rwest@example.com,YouTube,Fitness,Weight Loss,159720,106788,8.97
Shannon Ferguson,mjohnson@example.com,Facebook,Travel,Backpacking,578159,284286,7.49
Mary Collins,lisamontoya@example.com,Instagram,Travel,Backpacking,963683,424564,3.95
Jamie Reed,elong@example.net,Instagram,Fitness,Bodybuilding,986798,684355,5.28
Kristin Arias,tanneramanda@example.net,Instagram,Fashion,Sustainable Fashion,112749,60059,7.95
Jacqueline Harvey,millerrebecca@example.com,Instagram,Travel,Backpacking,259005,62617,7.33
Roger Johnson,angela78@example.org,YouTube,Tech,Gadgets,164342,118392,3.62
Martin Brown,christianjimenez@example.com,TikTok,Gaming,Console Gaming,581578,465534,7.8
John Jones,bradshawjanet@example.net,Instagram,Fashion,Sustainable Fashion,340625,217862,2.99
Patricia James,jessicaflores@example.org,TikTok,Tech,Reviews,843710,354961,8.63
Victoria Jackson,ayalataylor@example.org,YouTube,Tech,Reviews,968075,363671,9.19
David Randolph,shaun10@example.org,Twitter,Fitness,Yoga,186476,64417,6.56
Sherry Walker,andersonjoseph@example.org,Twitter,Fitness,Bodybuilding,77052,20408,7.37
Holly Evans,larsenthomas@example.net,Instagram,Travel,Luxury Travel,603582,209873,5.7
Kevin Scott,gmurphy@example.com,Facebook,Fashion,Luxury Wear,473463,306715,7.78
Sharon Moore,bwhite@example.net,YouTube,Travel,Backpacking,575514,251237,9.27
Sylvia Harrington,michael02@example.org,YouTube,Tech,Gadgets,299127,228533,7.25
Derrick White,rossvictoria@example.net,YouTube,Travel,Backpacking,933906,671297,2.87
Stephen Hunt,sferguson@example.net,Facebook,Gaming,Mobile Games,202699,52295,3.0
Jessica Stewart,smithdawn@example.net,YouTube,Travel,Solo Travel,723055,510907,5.85
James Davis,bvargas@example.com,Facebook,Travel,Backpacking,169460,38382,8.89
Brandon Wilson,zdavid@example.org,Twitter,Fitness,Weight Loss,980466,689407,2.53
Katie Wright,powersronald@example.com,YouTube,Fashion,Luxury Wear,391254,252839,8.79
Veronica Taylor,josephsparks@example.net,Instagram,Food,Healthy Eating,998311,410415,4.51
Samantha Miller,gonzalessarah@example.net,Facebook,Tech,Gadgets,520387,172795,2.22
Brittany Bennett,karenharvey@example.org,Instagram,Food,Vegan Recipes,291067,236922,1.82
Suzanne Pierce,williamsholly@example.org,TikTok,Tech,Gadgets,993242,269837,7.99
Tracy Elliott,glennford@example.org,Facebook,Travel,Solo Travel,905425,530401,9.54
Katie Shaw,martinjason@example.com,Facebook,Fitness,Weight Loss,803985,222893,1.89
Cory Roberts,xbyrd@example.com,YouTube,Fitness,Yoga,320751,189405,1.82
Sandra Evans,fortiz@example.net,Twitter,Travel,Solo Travel,391442,127436,3.98
Edgar Floyd,hestershawn@example.com,Twitter,Food,Vegan Recipes,904765,809950,9.03
Ralph Wells,heidi84@example.org,YouTube,Tech,Smartphones,664616,310013,7.77
Timothy Baker,kjones@example.com,Facebook,Travel,Luxury Travel,119287,61865,2.98
Brian Castaneda,jessicadavis@example.com,TikTok,Tech,Gadgets,72206,53657,3.68
Brandy Hill,rschneider@example.net,TikTok,Fitness,Weight Loss,724142,549584,3.6
Joanne Galloway,chasescott@example.com,Facebook,Fashion,Streetwear,126789,100839,9.11
Katherine Acosta,browningkaitlyn@example.net,Twitter,Fashion,Luxury Wear,415994,157088,7.03
Thomas Hill,melissa34@example.org,TikTok,Fashion,Luxury Wear,504981,341838,4.97
Mary Ferguson,aaronwaller@example.com,Instagram,Gaming,Mobile Games,860355,448643,8.33
Amy Reynolds,stevenyoung@example.com,TikTok,Tech,Smartphones,769412,480739,7.83
Daniel Dodson,fordmonica@example.org,Twitter,Tech,Reviews,77782,45120,5.85
Chad Cook,markflores@example.com,YouTube,Fitness,Weight Loss,958020,772481,9.81
Samuel Montgomery,diane50@example.org,YouTube,Food,BBQ,20749,8529,8.89
Darren Smith,john78@example.org,TikTok,Gaming,Console Gaming,865360,259203,4.16
Tyler Maldonado,pittmantravis@example.org,Instagram,Gaming,PC Gaming,741642,175631,2.39
Michelle Rosario,denisewright@example.com,Instagram,Food,Vegan Recipes,106509,63621,2.75
Penny Miller,william85@example.com,Facebook,Fashion,Luxury Wear,269195,155430,8.45
Melissa Smith,boyderin@example.net,TikTok,Gaming,Console Gaming,164235,45306,7.16
Christian Smith,bruce89@example.net,Facebook,Travel,Backpacking,384908,270360,5.72
Nathan Chapman,sjohnson@example.net,Twitter,Gaming,Console Gaming,834085,396950,8.37
Angela Warner,ojohnson@example.com,Instagram,Fashion,Sustainable Fashion,514574,206766,9.93
Douglas Yates,kgreene@example.com,TikTok,Gaming,Console Gaming,132037,105716,5.58
Brendan Vasquez,garretthayes@example.org,Twitter,Gaming,Mobile Games,935648,404323,6.25
Michael Charles,kristenneal@example.org,TikTok,Travel,Solo Travel,218466,60688,7.3
Holly Sharp,mitchellwayne@example.org,Twitter,Tech,Smartphones,172976,126748,4.33
Amy Gibbs,jay74@example.org,TikTok,Tech,Reviews,892994,694930,9.45
Laura Hudson,david73@example.com,Instagram,Gaming,Console Gaming,677216,314527,7.26
Jeremy Bryant,robert90@example.net,Facebook,Food,BBQ,726326,295128,2.16
Jonathan Lane,eric15@example.com,Instagram,Food,BBQ,476882,316662,2.81
Lisa Mitchell,james07@example.com,Instagram,Fashion,Sustainable Fashion,755462,519660,3.7
George Hartman,cruzmatthew@example.net,Instagram,Gaming,Mobile Games,993543,248607,4.81
Joseph Lee,mramos@example.com,TikTok,Fashion,Luxury Wear,189976,122047,1.46
Crystal Hamilton,wilsonjonathan@example.net,TikTok,Food,Vegan Recipes,608587,150305,7.9
Carol Dunn,ucohen@example.net,Instagram,Fitness,Weight Loss,496644,389054,4.64
Sarah Cooper,amymartinez@example.net,Facebook,Food,BBQ,442803,119028,9.07
Erica Cline,bwilson@example.com,Twitter,Fitness,Weight Loss,937394,521875,1.11
David Roberts,fkennedy@example.com,TikTok,Fitness,Weight Loss,181756,121088,9.32
Dennis Schwartz,bergerdenise@example.org,TikTok,Fashion,Sustainable Fashion,540669,178138,1.51
Richard Boyd,brownsara@example.org,Facebook,Gaming,Console Gaming,651354,402047,8.55
Kyle Chaney,anthony61@example.net,TikTok,Travel,Backpacking,431238,183474,7.48
Johnathan Mooney,jday@example.org,YouTube,Gaming,Console Gaming,585202,260692,4.86
Susan Cantrell,plewis@example.net,Instagram,Food,Healthy Eating,969833,658096,2.88
Angela Evans,jroy@example.net,Facebook,Fashion,Streetwear,65983,18837,5.0
Billy Douglas,kingmia@example.net,Instagram,Food,BBQ,116925,91469,6.72
Adam Jensen,jennifer63@example.net,Twitter,Travel,Backpacking,782031,629350,2.02
Richard Stanton,carrilloandrea@example.org,Twitter,Fitness,Yoga,769889,575941,4.86
Valerie Parsons MD,wendy33@example.org,TikTok,Tech,Reviews,166130,36637,7.18
Kyle Jackson,stephen17@example.net,Facebook,Fashion,Sustainable Fashion,850822,310289,5.46
Kyle Lozano Jr.,scottsolis@example.net,Twitter,Fashion,Streetwear,745560,470383,7.57
Dr. Carolyn Blevins,wagnerbrent@example.net,TikTok,Food,Healthy Eating,460381,242115,8.72
Peter Horn,rachel00@example.net,YouTube,Fashion,Luxury Wear,360192,204269,7.3
Stacey Drake,rachel09@example.org,YouTube,Tech,AI,19622,15925,7.01
Reginald Taylor,levytyler@example.net,Twitter,Gaming,Console Gaming,398664,100001,7.0
Theresa Freeman,jenningschase@example.org,Instagram,Fitness,Bodybuilding,995873,316744,5.91
Christine Conrad,mathismichael@example.org,TikTok,Food,Healthy Eating,402420,116650,1.36
Morgan Martin,jon93@example.com,YouTube,Food,Healthy Eating,942006,273245,7.45
Gregory Thomas,clarkchristopher@example.net,Twitter,Fitness,Yoga,155862,34014,5.17
Amy Collins,carsonjacqueline@example.com,Twitter,Food,Healthy Eating,794070,193754,8.44
Patricia Smith,vflores@example.com,YouTube,Travel,Solo Travel,341774,298859,5.36
Stephanie Fox,jgibson@example.org,Instagram,Fitness,Bodybuilding,78951,37913,8.03
Marvin Farrell,christina22@example.org,Facebook,Fashion,Sustainable Fashion,672578,540191,7.13
Matthew James,monica95@example.org,Facebook,Travel,Solo Travel,281081,118068,3.7
Kathy Blackwell,kingashley@example.org,YouTube,Travel,Backpacking,920522,412974,8.71
Joshua Scott,monroefelicia@example.com,YouTube,Fashion,Streetwear,209188,166508,9.96
Sean Torres,davisraymond@example.com,Twitter,Travel,Backpacking,674202,323891,4.57
Susan Graves,weverett@example.org,Instagram,Fitness,Bodybuilding,907767,761639,6.88
Dylan Hernandez,marysantos@example.net,YouTube,Fitness,Weight Loss,738072,158372,8.45
Amanda Boyd,gcooper@example.org,YouTube,Fashion,Streetwear,805782,196321,4.01
Michelle Jenkins,patriciacampbell@example.org,Facebook,Gaming,PC Gaming,779146,331875,3.52
Kayla Mccoy,qlopez@example.org,Twitter,Tech,AI,85200,45756,1.52
Jackson Riggs,nicole16@example.com,YouTube,Fashion,Streetwear,445700,137978,7.93
Crystal Hunt,harveydavid@example.org,YouTube,Gaming,Mobile Games,845339,715593,6.74
Lisa Sanders,olsonmisty@example.org,YouTube,Fitness,Weight Loss,665483,198310,5.53
Nathan White,linda80@example.com,TikTok,Tech,Reviews,980485,783214,7.38
Mr. Sean Wright,vkelley@example.com,Instagram,Tech,Gadgets,695039,399939,4.55
Colleen Preston,william32@example.com,TikTok,Fitness,Bodybuilding,957691,812610,8.74
Craig Whitney,watsonkimberly@example.net,Twitter,Travel,Luxury Travel,184788,113492,9.94
Matthew Johnson,patricksims@example.net,Facebook,Tech,Reviews,793519,598398,1.65
Mark Gutierrez,skelly@example.com,TikTok,Tech,Gadgets,320845,285007,4.64
Elizabeth Cole,christinataylor@example.net,TikTok,Gaming,Console Gaming,936080,516877,6.04
Kimberly Smith,watsonanthony@example.org,TikTok,Tech,Smartphones,674973,432278,2.69
Maria Young,igibbs@example.com,Facebook,Tech,Smartphones,987466,573802,5.64
Christopher Powell,hhughes@example.com,Instagram,Tech,Reviews,849432,644935,6.81
Bryan Evans,deannahill@example.com,YouTube,Food,BBQ,134204,62890,7.53
Kathleen Ryan,daniel20@example.org,Twitter,Food,Healthy Eating,325240,255691,5.0
Jeffery Jones,waynewise@example.net,Facebook,Travel,Solo Travel,791593,393313,7.17
Michael Morton,robert76@example.net,Instagram,Fashion,Sustainable Fashion,505435,201905,9.29
Diamond Beasley,lindseylawrence@example.org,Twitter,Fashion,Streetwear,389529,250279,3.97
Jesse Nelson,tarastephens@example.com,TikTok,Fashion,Luxury Wear,19302,14426,3.27
Jeremiah Cunningham,joneskim@example.com,Instagram,Fashion,Streetwear,675525,444127,7.91
Kenneth Phillips,wreynolds@example.net,Instagram,Fashion,Sustainable Fashion,734059,427585,2.63
Kimberly Leonard,jdavenport@example.net,Twitter,Fitness,Weight Loss,175097,98489,6.32
Michael Odom,kathleen89@example.org,Twitter,Food,BBQ,765202,580541,4.91
Denise Cabrera,eayers@example.org,TikTok,Travel,Luxury Travel,392914,151059,9.76
Shannon Howard,dicksonbeth@example.org,TikTok,Fitness,Weight Loss,629272,519357,4.3
Louis Smith,christopher07@example.org,YouTube,Tech,Smartphones,567604,351481,7.35
James Martinez,rebecca95@example.net,Facebook,Gaming,Mobile Games,869776,553072,8.27
Jacob Powell,qfletcher@example.org,Instagram,Tech,Smartphones,195438,71003,9.94
Allison Hill,carl00@example.com,Facebook,Tech,Reviews,488360,402467,8.17
Monica Turner,karen29@example.org,Twitter,Food,Healthy Eating,539431,469501,9.58
Cynthia Johnson,xnielsen@example.org,YouTube,Fashion,Streetwear,682625,226687,2.33
Betty Norris,martinfrances@example.net,Instagram,Travel,Solo Travel,593401,260632,6.94
Steven Kirk,kathryn51@example.com,Instagram,Food,Vegan Recipes,609167,432834,1.09
Alexander Lane,brianna89@example.org,YouTube,Tech,Gadgets,425511,355335,7.39
Michael Buck,amy37@example.org,TikTok,Tech,AI,102268,35145,4.49
Manuel Jackson,williamsherman@example.net,TikTok,Gaming,PC Gaming,902007,522097,8.07
Angela Davis,xnorman@example.com,Twitter,Food,Healthy Eating,550237,369684,9.11
Gloria Burnett,kenneth45@example.net,YouTube,Fashion,Sustainable Fashion,500568,392633,6.78
Jacob Adams,harrisjeremy@example.com,YouTube,Tech,Gadgets,360376,280868,5.25
Philip Dunn,brian12@example.net,Instagram,Tech,Gadgets,985149,584995,8.15
Aaron Smith,mendezbrian@example.com,Instagram,Travel,Solo Travel,658477,574894,5.31
Alfred Summers,froststacey@example.com,YouTube,Fitness,Yoga,864603,488790,8.05
Mark Atkins,lewiscarl@example.net,Facebook,Food,BBQ,470320,95088,2.07
Ricky Williams,daniel39@example.org,YouTube,Fashion,Streetwear,840372,655096,8.48
Cindy Williams,kleindavid@example.org,Instagram,Tech,Gadgets,162195,131961,4.94
Matthew Brooks,blaketerry@example.com,Facebook,Gaming,PC Gaming,933472,302581,5.44
Ryan Schroeder,reidjoseph@example.net,Twitter,Fitness,Yoga,247923,165109,9.38
Hannah Martin,keithperry@example.org,Instagram,Food,BBQ,180423,110348,6.07
Carl Mckenzie,leslie97@example.com,Twitter,Fitness,Yoga,425898,218755,8.69
Daniel Davis,stephaniepowell@example.com,YouTube,Tech,Smartphones,156781,66491,6.51
Lauren Johnson,jameskrystal@example.org,YouTube,Gaming,Console Gaming,103012,35804,9.51
Melissa Hall,hleach@example.net,Instagram,Gaming,Console Gaming,866327,494377,2.12
Henry Thomas,cannonjason@example.org,Instagram,Fitness,Weight Loss,410011,233726,5.35
Timothy Shelton,taylorjohn@example.net,Twitter,Gaming,Mobile Games,910202,805713,9.9
Jennifer Caldwell,elizabethgarner@example.net,Instagram,Tech,Smartphones,59905,36912,9.78
Carl Franklin,kevinbuckley@example.org,Twitter,Gaming,Console Gaming,796196,526269,8.2
Walter Martin,gramirez@example.net,TikTok,Gaming,PC Gaming,816265,599265,2.55
Kelly Harvey,dunnangela@example.org,Facebook,Food,BBQ,123818,104828,5.37
Mrs. Melissa May,sawyergina@example.net,Twitter,Tech,AI,10335,5412,2.57
Dawn Miller,humphreykimberly@example.com,Instagram,Tech,Gadgets,84419,68323,8.65
Tanya Morales,wolfjoseph@example.net,Instagram,Travel,Luxury Travel,852512,181364,7.73
Kevin Brown,katrina04@example.com,TikTok,Fashion,Streetwear,566725,291010,3.59
Anthony Bishop,mendozacalvin@example.com,TikTok,Travel,Solo Travel,107053,75996,9.31
David Garza,amber76@example.com,TikTok,Gaming,Mobile Games,5382,3837,4.48
Gina Villa,ashley06@example.com,Facebook,Fitness,Bodybuilding,122246,46944,6.05
Hannah Wu,brownerica@example.net,YouTube,Gaming,PC Gaming,206363,85181,5.66
Holly Wilcox,james66@example.net,Twitter,Travel,Backpacking,878416,562887,2.06
Kristen Terrell,wongrhonda@example.org,Facebook,Tech,AI,193221,77909,6.31
Natalie Thomas,carolineblack@example.com,YouTube,Gaming,Console Gaming,353244,87619,7.85
Kayla Oneill,gonzalezmary@example.org,Instagram,Tech,Smartphones,116801,102358,6.82
Jose Velasquez,kevinblack@example.org,YouTube,Fitness,Yoga,955852,205481,2.31
Diane Martin,jameshunter@example.com,YouTube,Tech,AI,346229,307788,3.16
Travis Garcia,tsmith@example.com,Facebook,Tech,Gadgets,82387,45668,3.9
Cheryl Williams,fsimmons@example.com,TikTok,Fitness,Weight Loss,108086,51989,9.69
Ashley Ellis,curtis16@example.org,Twitter,Gaming,Mobile Games,304635,226827,9.43
Monica Mercado,traci10@example.net,Twitter,Fitness,Bodybuilding,474060,364532,4.82
Ethan Ray,mcleanlisa@example.org,Twitter,Gaming,Console Gaming,850861,587656,9.0
Michael Mercado,robert19@example.org,YouTube,Travel,Backpacking,11487,5091,5.86
Kristopher Beard,ashlee42@example.com,Facebook,Travel,Backpacking,580156,440976,7.87
Wendy Dixon,johnsondeborah@example.net,TikTok,Tech,Gadgets,243237,150378,2.25
Margaret Blake,pamela75@example.com,TikTok,Travel,Luxury Travel,281744,147886,1.47
Sally Mcguire,pross@example.com,Facebook,Tech,Reviews,982991,646534,4.86
David Vang,emercer@example.org,Instagram,Fitness,Bodybuilding,714192,461028,5.24
Ashley Beard,stevengarcia@example.org,YouTube,Travel,Solo Travel,364200,162626,7.32
Gregory Wiley,spearsanthony@example.net,TikTok,Travel,Luxury Travel,773962,606227,8.11
Bianca Cole,lisacampbell@example.net,Instagram,Fitness,Yoga,279238,161093,2.45
Alejandro Tran MD,selenagreen@example.org,Instagram,Gaming,Console Gaming,216745,132648,7.26
Tricia Gill,rgomez@example.org,Facebook,Fashion,Streetwear,90590,72095,9.24
Madison Brown,valdezolivia@example.net,Facebook,Gaming,Console Gaming,325723,193755,9.01
Sherry Farrell,miranda24@example.org,TikTok,Gaming,Mobile Games,719211,517720,1.27
David Sullivan,jose76@example.net,Facebook,Fitness,Weight Loss,75562,54948,7.08
Patricia Austin,benjamin20@example.com,Facebook,Travel,Solo Travel,6438,2082,1.73
Megan Davenport,gabriellesantiago@example.com,TikTok,Food,BBQ,143862,64706,1.12
Colleen Mccoy,brenda32@example.net,YouTube,Food,Vegan Recipes,357565,106264,4.74
Monique Kelly,nroach@example.com,YouTube,Travel,Solo Travel,399701,140405,8.48
Leah Gutierrez,iortiz@example.net,YouTube,Tech,Smartphones,22599,12499,7.75
Amber Garcia,davismichelle@example.org,Twitter,Food,BBQ,283332,245720,6.79
John Jones,emily87@example.org,Instagram,Fashion,Luxury Wear,176683,74181,8.26
Alexander Shaffer,daniel21@example.net,Twitter,Gaming,PC Gaming,603192,222430,2.75
Carlos Hodges,dawn43@example.net,TikTok,Travel,Solo Travel,575894,158938,9.52
Isaiah Solis,xking@example.org,Facebook,Travel,Backpacking,255746,198429,3.29
Tom Adams,nicholas67@example.net,TikTok,Food,Healthy Eating,259073,205180,8.8
Christopher Erickson,amandachen@example.org,YouTube,Gaming,PC Gaming,869260,508935,5.41
Steven Hooper,briansimmons@example.org,Twitter,Food,Healthy Eating,45306,12682,3.33
Ryan Juarez,angelapowers@example.net,Facebook,Tech,Reviews,491107,196515,7.38
Bernard Valenzuela,grimesheather@example.net,Facebook,Gaming,Console Gaming,887527,624232,8.27
Steve Fisher,walkerelizabeth@example.com,TikTok,Food,BBQ,532512,161621,8.77
Brian Harmon,dchavez@example.org,Facebook,Travel,Backpacking,462138,127872,8.09
Michael Acevedo,isherman@example.net,YouTube,Travel,Backpacking,512290,145076,2.36
Dr. Jacqueline Kim,wyatt44@example.org,YouTube,Fitness,Bodybuilding,230968,71182,7.94
Samuel Woods,lreed@example.net,Facebook,Fitness,Bodybuilding,345954,141978,4.1
Michael Roth,leah95@example.org,YouTube,Tech,Gadgets,257409,73595,4.2
James Wright,briangarza@example.com,Instagram,Food,BBQ,439049,384584,8.99
Shawn Rose,npace@example.net,Instagram,Travel,Luxury Travel,918846,431199,1.25
Michelle Brown,marquezaaron@example.net,TikTok,Gaming,Mobile Games,839217,506519,9.05
Nicholas Melendez,smithjoan@example.net,TikTok,Gaming,PC Gaming,473961,264400,7.17
Alvin Miranda,cherylavila@example.net,Instagram,Fashion,Sustainable Fashion,375749,146299,1.25
Jennifer Smith,aphillips@example.org,Instagram,Food,BBQ,426752,94350,8.78
Adam Mason,lawrence97@example.com,Facebook,Travel,Solo Travel,291601,233042,6.49
Sandra Williams,kevin64@example.org,Twitter,Gaming,Console Gaming,307160,146055,4.46
Deanna Yates,laurie01@example.net,YouTube,Fashion,Luxury Wear,423803,371466,8.9
Nancy Cummings,martinezjessica@example.net,Instagram,Food,Vegan Recipes,26477,8641,8.19
Timothy Clarke,brendalong@example.net,Facebook,Gaming,Mobile Games,80213,21738,1.09
Meghan Turner,ewilson@example.org,Facebook,Food,Healthy Eating,719211,283813,2.13
Michelle Richmond,qfox@example.com,Twitter,Travel,Luxury Travel,19164,15699,9.35
Brian Padilla,greed@example.net,Facebook,Tech,Smartphones,638652,127987,3.49
Morgan Rich,garrisonkevin@example.org,Instagram,Food,Vegan Recipes,309713,153657,7.4
Jeffrey Jones,cdunn@example.net,Twitter,Travel,Luxury Travel,704564,549330,6.23
Antonio Short,brian15@example.org,Facebook,Tech,Reviews,170652,119660,4.91
Holly Russell,davidskinner@example.net,Twitter,Fitness,Bodybuilding,497890,299508,2.57
Michael Booth,shannon47@example.com,YouTube,Gaming,Mobile Games,727120,542734,5.93
Charles Smith,wwilliams@example.com,Instagram,Travel,Luxury Travel,333915,282036,9.33
Lindsay Rogers,qthompson@example.com,Facebook,Fashion,Luxury Wear,214902,74869,2.96
Sara Barnes,byrdadam@example.net,Facebook,Food,BBQ,227074,62001,7.52
Chris Johnson,ssmith@example.com,Facebook,Tech,AI,615297,287068,1.19
Roger Gregory,hstevenson@example.com,Twitter,Tech,Reviews,835719,672298,6.85
Julie Smith,kiddtimothy@example.net,Twitter,Tech,Gadgets,108941,39705,4.84
Samuel Johnson,paulcrawford@example.net,Instagram,Fitness,Weight Loss,359321,147728,2.16
Ashley Hopkins,wagnercameron@example.com,Facebook,Fitness,Weight Loss,573853,261121,4.83
Louis Chase,mooretim@example.org,TikTok,Gaming,Mobile Games,426538,261728,7.88
David Farrell,williamhughes@example.net,YouTube,Gaming,PC Gaming,975012,669748,1.25
Christine Jackson,john93@example.net,Twitter,Travel,Luxury Travel,860988,279241,6.42
David Blair,gomezjulia@example.org,Instagram,Fitness,Yoga,959840,378468,1.65
Richard Hunt,richardsjeffrey@example.org,YouTube,Food,Vegan Recipes,11577,7804,4.13
Robin Harris,langwilliam@example.com,Instagram,Gaming,PC Gaming,780130,176023,3.34
James Guerrero,ehall@example.org,Facebook,Travel,Backpacking,877413,212070,7.98
David Garcia,oliverbrian@example.net,Facebook,Gaming,PC Gaming,58007,29728,9.36
Darrell Moore MD,jakedavies@example.org,Twitter,Gaming,Console Gaming,851177,556856,5.07
Sandra Mathews,mosleymichelle@example.net,TikTok,Tech,Smartphones,956658,583173,4.24
Terry Townsend,robert99@example.org,TikTok,Food,BBQ,818282,629051,5.76
Billy Anderson,wardkatelyn@example.net,Instagram,Fitness,Weight Loss,210072,178422,5.34
Douglas Jordan,kylemccarty@example.com,YouTube,Food,Vegan Recipes,387147,177998,9.49
Patricia Goodwin,xtaylor@example.net,YouTube,Fashion,Sustainable Fashion,639528,338540,8.39
Tim Moran,emorse@example.com,YouTube,Gaming,PC Gaming,205579,141128,7.87
Bradley Reyes,xallen@example.com,Facebook,Travel,Backpacking,172428,57277,4.67
Dale Stewart,stephanie42@example.org,Twitter,Fitness,Yoga,120818,43912,5.79
Antonio Sullivan,christopheralexander@example.org,Twitter,Fitness,Weight Loss,997371,324290,4.79
Jeffrey Norman,hendrixrachel@example.org,Facebook,Gaming,Mobile Games,318054,104349,1.57
Mark Jones,kathyburnett@example.org,YouTube,Tech,Reviews,235582,159258,2.26
Heather Green,jacobbeard@example.org,TikTok,Tech,Gadgets,852522,743405,1.44
Jose White,pdavis@example.net,Facebook,Travel,Luxury Travel,793454,268069,8.01
Amanda Young,lochoa@example.org,Instagram,Fashion,Streetwear,209473,133718,2.98
Rachael Smith,emason@example.net,Twitter,Fashion,Luxury Wear,211813,63442,8.15
Claire Davis,jessica58@example.com,Facebook,Fitness,Bodybuilding,373235,264602,3.1
Michael Patrick,jilllivingston@example.com,YouTube,Gaming,Console Gaming,244846,82107,6.16
Kellie Ortiz,simmonsthomas@example.net,Instagram,Gaming,PC Gaming,371622,255773,9.33
Steven Daniels,tatejason@example.org,TikTok,Tech,AI,867870,654778,9.04
George Weaver,edwardsjohnny@example.com,Facebook,Fashion,Luxury Wear,511595,358307,5.12
Sandra Willis,jasonblair@example.org,Facebook,Fashion,Luxury Wear,616831,437966,9.11
Michael Sherman,andreprice@example.org,YouTube,Fitness,Yoga,879855,601586,2.66
Brandon Thompson,nancy08@example.net,Facebook,Travel,Backpacking,658589,386386,2.69
Ashley Kelly,james02@example.org,Instagram,Tech,AI,331716,219193,5.42
Gregory Weaver,jenniferberry@example.org,TikTok,Food,Vegan Recipes,698408,448020,7.08
Richard Pacheco,bowmanmark@example.com,Facebook,Gaming,PC Gaming,717642,401137,7.75
Corey Mills,michaeldowns@example.com,Twitter,Fashion,Sustainable Fashion,281268,234234,3.18
Joan Murray,zgutierrez@example.com,Instagram,Fashion,Luxury Wear,72558,38754,7.63
Matthew Lee,elizabeth97@example.net,YouTube,Food,Healthy Eating,777586,408463,8.58
Gregory Odonnell,farmertracy@example.net,YouTube,Gaming,PC Gaming,592896,214511,1.25
Taylor Johnson,justinpearson@example.org,TikTok,Tech,Reviews,126342,30499,6.76
Rachel Jones,martin21@example.org,Instagram,Gaming,Mobile Games,933379,818556,7.51
Amanda Sharp,garciachristian@example.com,Twitter,Food,Healthy Eating,760961,225515,9.37
Travis Barry,bernardgrace@example.com,YouTube,Fashion,Streetwear,93025,58671,2.14
Christian Miller,sheltonlisa@example.org,Twitter,Fashion,Luxury Wear,879428,534219,6.71
George Harrison,aaron48@example.net,Twitter,Food,Healthy Eating,621580,491831,7.06
Kathleen Thomas,albertmcdonald@example.com,Twitter,Tech,Smartphones,324181,104956,2.01
Adam Clarke,thompsonrandy@example.net,Facebook,Food,BBQ,521167,320212,1.4
Heather Wolf,josebrady@example.net,TikTok,Fashion,Luxury Wear,6770,4118,7.52
Jerry Walker,cooperjeanette@example.com,Twitter,Food,Healthy Eating,688868,228313,7.75
Thomas Brown,adriennewoods@example.net,TikTok,Gaming,PC Gaming,983620,836236,2.17
Gregory Petersen,bphillips@example.com,Instagram,Fashion,Sustainable Fashion,530705,246852,5.68
Ryan Mckinney DDS,nwagner@example.org,Twitter,Travel,Backpacking,59309,30532,2.08
Andrea Mcdonald,caseyjacqueline@example.com,YouTube,Food,BBQ,662175,155012,6.87
Angela Nolan,vzavala@example.com,Twitter,Travel,Luxury Travel,623654,468325,8.43
Theresa Baker,ehall@example.com,Facebook,Travel,Luxury Travel,794520,227158,4.65
Jason Calderon,scottthomas@example.net,Facebook,Fashion,Sustainable Fashion,783729,333272,7.65
Deanna Johnson,isabellahartman@example.org,Instagram,Travel,Solo Travel,247395,107456,6.89
Mark Hunt,barnettroger@example.com,YouTube,Food,BBQ,279245,108236,4.4
Mark James,michele87@example.net,Instagram,Fashion,Streetwear,608597,363292,4.54
Samantha Hinton,othomas@example.org,Instagram,Food,Healthy Eating,865439,414200,8.58
Nicholas Harris,lozanomichelle@example.org,Twitter,Food,Healthy Eating,488189,316051,8.32
Sean Hernandez,bobbysmith@example.com,Twitter,Travel,Backpacking,263204,206186,7.39
Joseph Stewart,mitchelljay@example.com,Facebook,Tech,Gadgets,179458,87248,9.02
Catherine Lee,reeddenise@example.net,Instagram,Food,Healthy Eating,590884,384233,5.43
Amber Mayer,sethochoa@example.org,Instagram,Food,Vegan Recipes,198399,108553,6.58
Robert Morrison,huntrichard@example.net,Facebook,Food,BBQ,159207,115229,2.38
Laurie Rivera,fmccoy@example.org,YouTube,Food,Healthy Eating,816126,457983,9.5
Jesse Davis,joseph16@example.org,Instagram,Fashion,Sustainable Fashion,521329,191054,2.97
Samantha Powell,brandtjeffery@example.org,TikTok,Gaming,Mobile Games,458516,334670,4.48
Joseph Evans,michelle47@example.net,Instagram,Travel,Solo Travel,861182,745403,9.7
Debra Watson,pattonjames@example.com,YouTube,Fashion,Luxury Wear,959986,265181,4.93
Kristen Reyes,wgarcia@example.net,Instagram,Food,Healthy Eating,733742,360019,8.69
Darrell Smith,michele65@example.com,Twitter,Gaming,Console Gaming,401946,119198,2.95
Kevin Wolfe,fsmith@example.com,Twitter,Fitness,Weight Loss,905050,500626,4.19
Tiffany Gibson,melissawolf@example.com,YouTube,Gaming,Console Gaming,961592,611417,8.79
Mark Simmons,robertwhite@example.com,Instagram,Tech,Smartphones,476185,172343,8.79
Lori Stone,zachary44@example.org,TikTok,Tech,Reviews,920022,768811,2.4
Robert Lang,hcoleman@example.com,Twitter,Food,Vegan Recipes,967921,490620,2.06
Kelly Castro,qrogers@example.net,Twitter,Food,Vegan Recipes,680566,317111,2.55
Terry Hartman,michael03@example.com,YouTube,Fashion,Sustainable Fashion,836807,618724,5.38
Collin Miller,kimberly36@example.org,YouTube,Travel,Backpacking,120402,106279,8.12
Samantha Hall,sjensen@example.net,TikTok,Food,BBQ,866992,341161,2.06
Craig Floyd,jenniferjackson@example.net,YouTube,Travel,Backpacking,138679,38455,6.0
Shannon Hernandez,danasaunders@example.net,Facebook,Fashion,Sustainable Fashion,837946,401743,1.47
Carl Kelly,nicholasjackson@example.net,TikTok,Travel,Luxury Travel,671445,418165,7.71
Melissa Terry,patrick63@example.net,Twitter,Fitness,Yoga,585848,484509,5.02
Robert Buckley,jessicasilva@example.com,TikTok,Travel,Solo Travel,651068,371187,2.61
Kristina Barrera,owensjeffery@example.org,TikTok,Fashion,Sustainable Fashion,797271,236553,7.9
Robert Oliver,stephen63@example.net,Instagram,Gaming,Console Gaming,210641,144860,1.74
Tommy Johnson,warnold@example.org,Facebook,Gaming,Console Gaming,515433,179858,4.46
Steven Johnson,torrescharles@example.net,YouTube,Travel,Solo Travel,106893,90970,2.89
Chad Melton,jhamilton@example.org,Twitter,Gaming,Console Gaming,610534,369028,1.36
Shane Henderson,theresajohnson@example.com,TikTok,Tech,Gadgets,495076,294401,6.99
Melissa Mcguire,john50@example.com,Facebook,Tech,Smartphones,85366,43139,1.24
Anthony Martin,fmyers@example.com,Twitter,Gaming,Console Gaming,643141,225138,6.13
Amber Parks,ycampbell@example.com,Facebook,Food,Healthy Eating,184680,91869,4.97
Jordan Mills,wosborne@example.com,Facebook,Gaming,Mobile Games,113800,82578,3.74
Charlene Foster,christinamorgan@example.net,Twitter,Fitness,Yoga,928883,301939,1.09
Jeffrey Newton,floydmonique@example.com,Twitter,Gaming,PC Gaming,195414,78497,8.47
Brian Sanders,carteralexandria@example.com,YouTube,Tech,Smartphones,272817,149856,4.38
Stephanie Franklin,amontgomery@example.org,Twitter,Travel,Luxury Travel,658807,300456,8.92
Carl Salas,james29@example.org,Facebook,Fashion,Streetwear,403723,313486,9.25
Samuel Gutierrez,michelle46@example.com,TikTok,Fitness,Yoga,764538,317813,4.54
Adam Martinez,andrewmartin@example.org,TikTok,Fashion,Luxury Wear,391907,79072,5.54
Bradley Nguyen,emilydonaldson@example.com,Twitter,Travel,Solo Travel,247359,173461,1.14
Vincent Martin,uhill@example.org,Facebook,Gaming,Mobile Games,431603,252203,6.32
Wendy Watson,fbarnes@example.net,YouTube,Fashion,Luxury Wear,313521,209784,9.02
Derrick Morris,madelineacosta@example.net,Twitter,Travel,Backpacking,924260,617053,7.08
Amanda Perry,shelly27@example.org,YouTube,Fitness,Bodybuilding,181682,150622,3.9
Zachary Jenkins,vanessafuller@example.net,YouTube,Fashion,Luxury Wear,867827,446948,9.16
Paul Bailey,thomasrogers@example.com,Twitter,Gaming,Mobile Games,844088,310434,9.68
Ronald Meza,david93@example.org,Facebook,Travel,Luxury Travel,285802,221707,5.62
Scott Rodriguez,carla04@example.net,Facebook,Gaming,Mobile Games,853267,445009,6.82
Anthony Williams,richardhowell@example.org,Twitter,Tech,Reviews,39102,35060,1.43
Kelly Barry,jameswatson@example.net,Facebook,Fashion,Luxury Wear,837839,748402,5.66
Andrew Serrano,thomas81@example.net,TikTok,Tech,Reviews,400286,199918,4.73
Kristen Scott,amandafrancis@example.org,Instagram,Tech,Reviews,378901,130810,4.95
Ashley Norton,fraziervictoria@example.net,Facebook,Food,Vegan Recipes,421608,143677,5.11
Mark Rodriguez,nstewart@example.net,Instagram,Fitness,Yoga,625592,170294,9.82
Paige Morse,brownmary@example.net,Facebook,Fashion,Streetwear,753539,178215,9.82
Erin James,joelpage@example.net,TikTok,Travel,Luxury Travel,842114,391159,1.63
Kristen Cross,kelseyhanson@example.com,Twitter,Tech,Reviews,133157,60954,3.14
Christopher Pennington,jimenezmichelle@example.com,Twitter,Gaming,PC Gaming,167893,142967,3.33
Linda Ramirez,jaystewart@example.net,YouTube,Food,BBQ,518760,105338,9.17
Cindy Moreno,nterrell@example.net,TikTok,Tech,AI,40368,20865,2.47
Tiffany Wood,eharrell@example.org,Facebook,Food,Healthy Eating,45685,11715,6.0
Crystal Hudson,rileyjoseph@example.org,Twitter,Gaming,Console Gaming,141361,71172,2.53
Robin Cruz,hesterandrew@example.org,Twitter,Tech,AI,827393,712415,9.14
Amanda Church,wbautista@example.net,Facebook,Fitness,Bodybuilding,586963,303041,4.15
Lisa Brown,brandonbonilla@example.net,Twitter,Food,Healthy Eating,41141,19181,6.84
Amber Gonzalez,dawn30@example.net,YouTube,Gaming,Mobile Games,649661,385341,2.34
Bryan Walker,whitealyssa@example.org,Instagram,Travel,Solo Travel,985888,477832,2.79
Mark Martin,lisa54@example.com,Instagram,Food,BBQ,616387,458118,5.72
Hayley Collier,charlestanner@example.org,Twitter,Travel,Backpacking,124304,45716,7.79
Laura Miller,terri54@example.net,TikTok,Gaming,PC Gaming,437745,198517,5.55
David Frank,jensenpamela@example.com,YouTube,Tech,AI,431277,121021,2.24
Douglas Lambert,jaredbrown@example.net,Facebook,Fashion,Streetwear,838794,499087,4.47
Luis Wheeler,nterrell@example.com,Instagram,Food,Vegan Recipes,755503,643106,6.03
Sarah Mcguire,andersoncory@example.org,TikTok,Travel,Backpacking,182005,141603,9.6
Jeremy Grant,masonsteven@example.com,YouTube,Tech,Reviews,606669,201587,1.24
Amanda Cabrera,yfarmer@example.org,Facebook,Tech,Gadgets,549515,357369,2.34
Rickey King,nicholas34@example.com,TikTok,Food,BBQ,150801,110125,6.5
Rebecca Smith,angela86@example.net,Twitter,Tech,AI,606816,284269,5.66
Robin Thomas,thomasjennifer@example.net,Instagram,Tech,Smartphones,371061,103796,3.64
Jeffrey Roberts,angela92@example.net,Facebook,Travel,Solo Travel,379548,82337,1.63
Dana Reid,tammy44@example.com,Facebook,Food,Vegan Recipes,804529,683132,8.03
Marcus Fernandez,heather53@example.net,TikTok,Travel,Luxury Travel,24742,9691,1.06
James Rodriguez,jeremiaheverett@example.net,TikTok,Tech,Gadgets,837831,236061,1.43
Jay Rhodes,lopezjohn@example.org,Twitter,Tech,AI,885019,426206,3.14
Carlos Wallace,williamsvictoria@example.org,Instagram,Gaming,Console Gaming,207367,135512,3.55
Brett Beck,brownjeffery@example.com,TikTok,Fitness,Bodybuilding,600034,221176,7.34
Erin Lambert,joseph74@example.net,Twitter,Fitness,Yoga,495080,249201,9.52
Robert Arnold,tsaunders@example.com,Twitter,Fitness,Bodybuilding,325929,147127,4.95
Ebony Nguyen,smithjonathon@example.com,Facebook,Gaming,Mobile Games,270531,60940,2.08
Elizabeth Sherman,eatonrodney@example.com,Twitter,Fashion,Sustainable Fashion,90378,69666,1.3
Brandon Roberts,nfoster@example.com,Twitter,Gaming,PC Gaming,813103,487357,4.47
Diane Alexander,jamiesmith@example.org,Instagram,Fashion,Streetwear,626563,370330,6.67
Laura Wise,benjamincurry@example.net,YouTube,Fashion,Luxury Wear,618263,271889,8.78
John Stevens,johnerickson@example.net,Facebook,Food,Vegan Recipes,743915,659465,4.53
Scott Owen,ujones@example.org,TikTok,Food,Healthy Eating,752689,564767,2.62
Elizabeth Trevino,zsmith@example.com,Instagram,Travel,Solo Travel,782224,209356,6.92
Jeffrey Melton,rogerswilliam@example.com,Facebook,Travel,Solo Travel,402367,356479,7.25
Robyn Morales,cgarrett@example.com,Twitter,Food,Vegan Recipes,331825,181450,1.64
David Hancock,anthony94@example.com,Twitter,Travel,Luxury Travel,811526,331031,4.12
Morgan Duncan,allison11@example.org,YouTube,Tech,Reviews,443180,167560,3.67
Chad Williams,matthewsjeremy@example.org,YouTube,Fashion,Luxury Wear,116588,32832,4.93
Miguel Gross,xcolon@example.org,YouTube,Fashion,Luxury Wear,696848,543358,6.68
Michael Villegas,katelyn59@example.net,TikTok,Gaming,Console Gaming,474420,257990,8.39
Brent Todd,paul28@example.com,Facebook,Travel,Luxury Travel,441305,318605,7.76
Jessica Brewer,rmarquez@example.org,Facebook,Fitness,Yoga,305871,128508,7.72
Ronald Gray,wcisneros@example.org,YouTube,Travel,Luxury Travel,296849,163665,8.36
Charles Warren,kendra19@example.net,Facebook,Gaming,Mobile Games,486589,327347,4.63
William Johnson,brandon45@example.org,Instagram,Fashion,Sustainable Fashion,846277,352300,1.6
Tammy Gibson,munozamanda@example.net,Instagram,Fitness,Bodybuilding,687349,233306,4.78
Mark Tanner,kellywilliams@example.com,Twitter,Gaming,PC Gaming,93242,35202,4.01
Javier Mcmahon,rstout@example.net,TikTok,Travel,Backpacking,325305,121504,5.27
Laura Harper,michaelholt@example.com,Twitter,Travel,Luxury Travel,347497,214327,1.31
Mark Mathis,michael36@example.com,Twitter,Food,Vegan Recipes,219312,58065,9.51
Amanda Davenport,buckleyryan@example.org,Facebook,Food,Vegan Recipes,329753,89874,5.7
Jimmy Livingston,ericvillanueva@example.org,TikTok,Tech,Reviews,645697,264945,1.47
Victoria Gonzales,adam58@example.net,Instagram,Travel,Luxury Travel,531895,206196,8.84
Charles Rowe,williamsmelissa@example.net,Instagram,Fashion,Streetwear,140332,31710,5.66
Adam Chen,daniel23@example.com,YouTube,Food,BBQ,245798,212496,8.42
Jane Flores,shawn92@example.org,TikTok,Fashion,Streetwear,602137,160949,5.48
Jessica Stewart,pwalker@example.net,TikTok,Gaming,PC Gaming,867628,270379,4.44
Natalie Mejia,hollanddaniel@example.org,TikTok,Tech,Reviews,929318,421750,7.23
Julie Christensen DDS,westdennis@example.org,Twitter,Food,Vegan Recipes,852630,710691,2.91
Leah Nguyen,smithgregory@example.net,Instagram,Tech,Gadgets,239040,90371,7.31
Christopher Davis,jodi15@example.com,Twitter,Travel,Solo Travel,461284,150453,4.71
James Martinez,nicolesmith@example.com,Twitter,Food,Healthy Eating,343047,138549,1.41
Andrew Aguilar,grantrios@example.com,Twitter,Fitness,Yoga,253259,148721,8.14
Bill Rodriguez,cjohnson@example.org,YouTube,Gaming,Mobile Games,158374,117367,9.25
Jeremy Harper,burgessdavid@example.org,TikTok,Fashion,Sustainable Fashion,17430,12526,5.08
Jack Mills,jackson72@example.com,Facebook,Fitness,Weight Loss,68195,14068,8.62
Elizabeth Proctor,kaufmantyler@example.com,Facebook,Food,Vegan Recipes,733586,153649,8.37
Barbara Smith,amandachang@example.net,TikTok,Food,BBQ,678522,340622,1.84
Corey Moore,kimdavid@example.com,TikTok,Tech,Gadgets,938429,488980,2.78
Douglas Reyes,melissa66@example.org,Instagram,Fitness,Yoga,620318,206215,2.35
Jacob Chang,jacob90@example.com,Twitter,Fitness,Bodybuilding,625725,557280,6.53
Patrick Hernandez,dominiquebentley@example.com,YouTube,Gaming,Console Gaming,186274,93834,1.59
Tiffany Mosley,greermichelle@example.org,YouTube,Fitness,Weight Loss,720946,256799,1.06
Brad Russell,dchen@example.net,Facebook,Travel,Luxury Travel,973176,776156,7.05
Michael Thompson,eporter@example.com,TikTok,Travel,Backpacking,58787,45034,7.95
Vanessa Kelly,kellydavid@example.com,TikTok,Food,Vegan Recipes,320007,129482,2.38
Michael Pollard,misty56@example.org,TikTok,Gaming,Mobile Games,723131,209823,7.94
Michael Smith,matthewsimmons@example.org,TikTok,Food,BBQ,34189,15411,8.31
Michael Silva,carolbarnett@example.net,Instagram,Tech,Gadgets,557695,336715,4.75
Julie Wilson,hayessarah@example.com,Twitter,Gaming,Mobile Games,877410,489058,7.85
Scott Williams,mccannkrystal@example.net,Twitter,Tech,Smartphones,289845,111040,5.63
James Thomas,mary91@example.net,Instagram,Tech,AI,446826,290065,8.7
Jason Walton,roymichael@example.org,Twitter,Fitness,Yoga,988483,442693,2.76
Jennifer Mcdonald,eric79@example.org,YouTube,Fashion,Luxury Wear,687952,574812,1.15
David Terry,martinheather@example.com,YouTube,Gaming,PC Gaming,591959,346515,4.13
Stacey Foster,sarah46@example.org,TikTok,Gaming,Console Gaming,434172,330072,8.41
Sandra Griffith,brian98@example.org,Instagram,Fashion,Streetwear,595291,437568,7.0
Hunter Salas,melendezchris@example.com,Facebook,Travel,Solo Travel,302335,192480,1.82
John Palmer,davidbishop@example.com,TikTok,Food,BBQ,637692,219513,7.96
Joseph Baldwin,rebekah36@example.com,Facebook,Gaming,Mobile Games,334228,155228,4.77
Michael Byrd,uoliver@example.com,Facebook,Fashion,Streetwear,998500,719438,7.63
Steven Thomas,alexis97@example.net,Facebook,Fitness,Bodybuilding,302809,151494,2.4
Patricia Rangel,tylerboyd@example.org,Twitter,Food,Healthy Eating,6961,2951,3.61
Justin Winters,karenjackson@example.net,Twitter,Fashion,Sustainable Fashion,859048,465649,8.75
Kendra Zuniga,hernandezmaria@example.org,Twitter,Food,BBQ,295365,106303,1.39
David Owens,tina26@example.com,Instagram,Tech,Smartphones,538256,108501,1.63
Alexis Gonzalez,gutierrezrobert@example.com,TikTok,Fitness,Weight Loss,966223,801726,4.33
Christina Cooper,susanrodriguez@example.net,TikTok,Fashion,Streetwear,869078,583225,8.89
Dr. Vicki Barry,johnsonisaac@example.org,Facebook,Food,Vegan Recipes,503173,377268,7.12
Jacob Brown,eduardosmith@example.com,Twitter,Food,BBQ,544540,248174,3.0
Scott Palmer,rbarnes@example.com,Instagram,Food,Vegan Recipes,344980,290491,7.73
Mrs. Angela Campbell MD,joshua90@example.org,Instagram,Travel,Backpacking,332342,222060,5.39
Stephen Carter,geraldbrown@example.com,Instagram,Food,Vegan Recipes,292308,242930,1.44
Juan Thomas,wallen@example.org,TikTok,Fashion,Luxury Wear,665351,447009,6.09
Matthew West,russellgoodman@example.com,Instagram,Tech,Smartphones,216436,68926,6.58
